document_id,building,relative_path,filename,extension,size_bytes,last_modified,has_text
.DS_Store,UNKNOWN,.DS_Store,.DS_Store,,6148,2025-12-03T13:19:07,False
Exchequers_Court/1.0 Architectural (File 3).pdf,Exchequers_Court,Exchequers_Court/1.0 Architectural (File 3).pdf,1.0 Architectural (File 3).pdf,.pdf,153014694,2025-12-03T02:12:00,False
"Exchequers_Court/5 Year Fixed Wiring Tests, Landlord, Conflex Sungard Testing Done 02.pdf",Exchequers_Court,"Exchequers_Court/5 Year Fixed Wiring Tests, Landlord, Conflex Sungard Testing Done 02.pdf","5 Year Fixed Wiring Tests, Landlord, Conflex Sungard Testing Done 02.pdf",.pdf,5879817,2025-12-03T02:13:00,True
"Exchequers_Court/Exchequer Court Vol 12, Appraisal & Testing of Retained Elements, Waterman Partnership, Supp Rep.pdf",Exchequers_Court,"Exchequers_Court/Exchequer Court Vol 12, Appraisal & Testing of Retained Elements, Waterman Partnership, Supp Rep.pdf","Exchequer Court Vol 12, Appraisal & Testing of Retained Elements, Waterman Partnership, Supp Rep.pdf",.pdf,10438382,2025-12-03T02:14:00,True
Exchequers_Court/Close Control Air Conditioning.pdf,Exchequers_Court,Exchequers_Court/Close Control Air Conditioning.pdf,Close Control Air Conditioning.pdf,.pdf,2366878,2025-12-03T02:14:00,True
Exchequers_Court/7.1 Atria Curtain Walling.pdf,Exchequers_Court,Exchequers_Court/7.1 Atria Curtain Walling.pdf,7.1 Atria Curtain Walling.pdf,.pdf,21087475,2025-12-03T02:14:00,False
Exchequers_Court/Water Hygiene Log Book & Policy Document (File 4).pdf,Exchequers_Court,Exchequers_Court/Water Hygiene Log Book & Policy Document (File 4).pdf,Water Hygiene Log Book & Policy Document (File 4).pdf,.pdf,11491964,2025-12-03T02:14:00,True
"Exchequers_Court/Trident, Water Services Logbook.pdf",Exchequers_Court,"Exchequers_Court/Trident, Water Services Logbook.pdf","Trident, Water Services Logbook.pdf",.pdf,17269390,2025-12-03T02:14:00,True
"Exchequers_Court/6.4, Landscaping (FNSF00059).pdf",Exchequers_Court,"Exchequers_Court/6.4, Landscaping (FNSF00059).pdf","6.4, Landscaping (FNSF00059).pdf",.pdf,51758907,2025-12-03T02:13:00,False
Exchequers_Court/3.0 Structural (File 1).pdf,Exchequers_Court,Exchequers_Court/3.0 Structural (File 1).pdf,3.0 Structural (File 1).pdf,.pdf,44377284,2025-12-03T02:13:00,False
Exchequers_Court/1286 Coms File.pdf,Exchequers_Court,Exchequers_Court/1286 Coms File.pdf,1286 Coms File.pdf,.pdf,83064568,2025-12-03T02:12:00,True
Exchequers_Court/Distribution Board Check.pdf,Exchequers_Court,Exchequers_Court/Distribution Board Check.pdf,Distribution Board Check.pdf,.pdf,493335,2025-12-03T02:14:00,True
Exchequers_Court/Appraisal & Testing of Retained Elements (File 2).pdf,Exchequers_Court,Exchequers_Court/Appraisal & Testing of Retained Elements (File 2).pdf,Appraisal & Testing of Retained Elements (File 2).pdf,.pdf,849602,2025-12-03T02:14:00,True
"Exchequers_Court/Air-Conditioners, PKH-1.6, 2, 2.5, 3, 4FK(H)(S)A.pdf",Exchequers_Court,"Exchequers_Court/Air-Conditioners, PKH-1.6, 2, 2.5, 3, 4FK(H)(S)A.pdf","Air-Conditioners, PKH-1.6, 2, 2.5, 3, 4FK(H)(S)A.pdf",.pdf,3596437,2025-12-03T02:14:00,True
"Exchequers_Court/BLU 500 P AB, BLU 700 P AB, BLU 1000 P AB, BLU 1200 P AB, BLU 1400 P AB,.pdf",Exchequers_Court,"Exchequers_Court/BLU 500 P AB, BLU 700 P AB, BLU 1000 P AB, BLU 1200 P AB, BLU 1400 P AB,.pdf","BLU 500 P AB, BLU 700 P AB, BLU 1000 P AB, BLU 1200 P AB, BLU 1400 P AB,.pdf",.pdf,24797019,2025-12-03T02:14:00,True
Exchequers_Court/Appraisal & Testing of Retained Elements (File 1).pdf,Exchequers_Court,Exchequers_Court/Appraisal & Testing of Retained Elements (File 1).pdf,Appraisal & Testing of Retained Elements (File 1).pdf,.pdf,474764,2025-12-03T02:14:00,True
Exchequers_Court/Water Hygiene Log Book & Policy Document (File 1).pdf,Exchequers_Court,Exchequers_Court/Water Hygiene Log Book & Policy Document (File 1).pdf,Water Hygiene Log Book & Policy Document (File 1).pdf,.pdf,12807269,2025-12-03T02:14:00,True
"Exchequers_Court/BMS Equipment Upgrade, Exchequer Court, 33 St Marys Court, London, EC3A 8AA, File 2 of 2.pdf",Exchequers_Court,"Exchequers_Court/BMS Equipment Upgrade, Exchequer Court, 33 St Marys Court, London, EC3A 8AA, File 2 of 2.pdf","BMS Equipment Upgrade, Exchequer Court, 33 St Marys Court, London, EC3A 8AA, File 2 of 2.pdf",.pdf,33833136,2025-12-03T02:14:00,True
"Exchequers_Court/Exchequer Court Vol 11, Appraisal & Testing of Retained Elements, Waterman Partnership, Phase 6 Rep.pdf",Exchequers_Court,"Exchequers_Court/Exchequer Court Vol 11, Appraisal & Testing of Retained Elements, Waterman Partnership, Phase 6 Rep.pdf","Exchequer Court Vol 11, Appraisal & Testing of Retained Elements, Waterman Partnership, Phase 6 Rep.pdf",.pdf,20193534,2025-12-03T02:14:00,True
Exchequers_Court/1.0 Architectural (File 1).pdf,Exchequers_Court,Exchequers_Court/1.0 Architectural (File 1).pdf,1.0 Architectural (File 1).pdf,.pdf,170613356,2025-12-03T02:11:00,False
"Exchequers_Court/BMS Equiptment Upgrade, Exchequer Court, 33 St Mary Axe, File 1 of 2.pdf",Exchequers_Court,"Exchequers_Court/BMS Equiptment Upgrade, Exchequer Court, 33 St Mary Axe, File 1 of 2.pdf","BMS Equiptment Upgrade, Exchequer Court, 33 St Mary Axe, File 1 of 2.pdf",.pdf,48486018,2025-12-03T02:14:00,True
Exchequers_Court/2.0 Building Services.pdf,Exchequers_Court,Exchequers_Court/2.0 Building Services.pdf,2.0 Building Services.pdf,.pdf,53345392,2025-12-03T02:13:00,True
Exchequers_Court/Electrial Installation Testing (File 1).pdf,Exchequers_Court,Exchequers_Court/Electrial Installation Testing (File 1).pdf,Electrial Installation Testing (File 1).pdf,.pdf,2238482,2025-12-03T02:14:00,True
Exchequers_Court/38GL - 38YL Installation Manual.pdf,Exchequers_Court,Exchequers_Court/38GL - 38YL Installation Manual.pdf,38GL - 38YL Installation Manual.pdf,.pdf,67276002,2025-12-03T02:13:00,True
Exchequers_Court/C3-05 Operation Manual (File 2).pdf,Exchequers_Court,Exchequers_Court/C3-05 Operation Manual (File 2).pdf,C3-05 Operation Manual (File 2).pdf,.pdf,3422488,2025-12-03T02:14:00,True
Edocs/Operating_Manual_GB_01.pdf,Edocs,Edocs/Operating_Manual_GB_01.pdf,Operating_Manual_GB_01.pdf,.pdf,519040,2025-12-03T02:11:00,True
Edocs/ASSA ABLOY O&M.pdf,Edocs,Edocs/ASSA ABLOY O&M.pdf,ASSA ABLOY O&M.pdf,.pdf,129982,2025-12-03T02:11:00,True
Edocs/Siemens 5SY MCB Range.pdf,Edocs,Edocs/Siemens 5SY MCB Range.pdf,Siemens 5SY MCB Range.pdf,.pdf,1636580,2025-12-03T02:11:00,True
Edocs/4.DANFOSS AME435 ACTUATOR.pdf,Edocs,Edocs/4.DANFOSS AME435 ACTUATOR.pdf,4.DANFOSS AME435 ACTUATOR.pdf,.pdf,1111174,2025-12-03T02:11:00,True
Edocs/Sprinkler Auto Transfer Switch - Quick Start Guide June 2018.pdf,Edocs,Edocs/Sprinkler Auto Transfer Switch - Quick Start Guide June 2018.pdf,Sprinkler Auto Transfer Switch - Quick Start Guide June 2018.pdf,.pdf,388628,2025-12-03T02:11:00,True
Edocs/Acti 9 Isobar P - B Type_SEA9BN12.pdf,Edocs,Edocs/Acti 9 Isobar P - B Type_SEA9BN12.pdf,Acti 9 Isobar P - B Type_SEA9BN12.pdf,.pdf,87522,2025-12-03T02:11:00,True
Edocs/VDLHI302_VFG-VFGS2-VFU.pdf,Edocs,Edocs/VDLHI302_VFG-VFGS2-VFU.pdf,VDLHI302_VFG-VFGS2-VFU.pdf,.pdf,1515522,2025-12-03T02:11:00,True
Edocs/COSHH ASH BD601 Revised August 2015.pdf,Edocs,Edocs/COSHH ASH BD601 Revised August 2015.pdf,COSHH ASH BD601 Revised August 2015.pdf,.pdf,165708,2025-12-03T02:11:00,True
Edocs/Pyrobel 25 Data Sheet copy.pdf,Edocs,Edocs/Pyrobel 25 Data Sheet copy.pdf,Pyrobel 25 Data Sheet copy.pdf,.pdf,1877609,2025-12-03T02:11:00,False
Edocs/Weidmuller 124084 Data Sheet.pdf,Edocs,Edocs/Weidmuller 124084 Data Sheet.pdf,Weidmuller 124084 Data Sheet.pdf,.pdf,550611,2025-12-03T02:11:00,True
Edocs/Pyrobel 25 Data Sheet.pdf,Edocs,Edocs/Pyrobel 25 Data Sheet.pdf,Pyrobel 25 Data Sheet.pdf,.pdf,1877609,2025-12-03T02:11:00,False
Edocs/Hydro MPC-e - Installation and Operating instructions.pdf,Edocs,Edocs/Hydro MPC-e - Installation and Operating instructions.pdf,Hydro MPC-e - Installation and Operating instructions.pdf,.pdf,8101222,2025-12-03T02:11:00,True
Edocs/O&M Manual - Sectional Tanks.pdf,Edocs,Edocs/O&M Manual - Sectional Tanks.pdf,O&M Manual - Sectional Tanks.pdf,.pdf,1736588,2025-12-03T02:11:00,False
Edocs/All Weidmuller Relays.pdf,Edocs,Edocs/All Weidmuller Relays.pdf,All Weidmuller Relays.pdf,.pdf,3972023,2025-12-03T02:11:00,True
Edocs/Sprinkler ATS Instruction Manual.pdf,Edocs,Edocs/Sprinkler ATS Instruction Manual.pdf,Sprinkler ATS Instruction Manual.pdf,.pdf,3165990,2025-12-03T02:11:00,True
Edocs/GT.pdf,Edocs,Edocs/GT.pdf,GT.pdf,.pdf,980292,2025-12-03T02:11:00,True
Edocs/Cleaning & Maintenance.pdf,Edocs,Edocs/Cleaning & Maintenance.pdf,Cleaning & Maintenance.pdf,.pdf,115537,2025-12-03T02:11:00,True
Edocs/214344 - Control Philosophy including ED.pdf,Edocs,Edocs/214344 - Control Philosophy including ED.pdf,214344 - Control Philosophy including ED.pdf,.pdf,898365,2025-12-03T02:11:00,True
Edocs/Drawing package - 52 Lime Street - Wet Risers.pdf,Edocs,Edocs/Drawing package - 52 Lime Street - Wet Risers.pdf,Drawing package - 52 Lime Street - Wet Risers.pdf,.pdf,7121679,2025-12-03T02:11:00,True
Edocs/COSHH ASH NT 502 Rev August 2015.pdf,Edocs,Edocs/COSHH ASH NT 502 Rev August 2015.pdf,COSHH ASH NT 502 Rev August 2015.pdf,.pdf,176503,2025-12-03T02:11:00,True
Edocs/VDLET102_AME65x.pdf,Edocs,Edocs/VDLET102_AME65x.pdf,VDLET102_AME65x.pdf,.pdf,1735888,2025-12-03T02:11:00,True
Edocs/NB-NBG.pdf,Edocs,Edocs/NB-NBG.pdf,NB-NBG.pdf,.pdf,3647473,2025-12-03T02:11:00,True
Edocs/C3S Pyrocet Data Sheet.pdf,Edocs,Edocs/C3S Pyrocet Data Sheet.pdf,C3S Pyrocet Data Sheet.pdf,.pdf,261904,2025-12-03T02:11:00,True
Edocs/ASH  De Rust e Revised August 15.pdf,Edocs,Edocs/ASH  De Rust e Revised August 15.pdf,ASH  De Rust e Revised August 15.pdf,.pdf,170617,2025-12-03T02:11:00,True
Edocs/Appendix A.pdf,Edocs,Edocs/Appendix A.pdf,Appendix A.pdf,.pdf,4616392,2025-12-03T02:11:00,True
Edocs/ASH BD 601 v2.pdf,Edocs,Edocs/ASH BD 601 v2.pdf,ASH BD 601 v2.pdf,.pdf,34597,2025-12-03T02:11:00,True
Edocs/HP111 DN250.pdf,Edocs,Edocs/HP111 DN250.pdf,HP111 DN250.pdf,.pdf,1162038,2025-12-03T02:11:00,True
Edocs/Drawing package - 52 Lime Street - Sprinklers.pdf,Edocs,Edocs/Drawing package - 52 Lime Street - Sprinklers.pdf,Drawing package - 52 Lime Street - Sprinklers.pdf,.pdf,11581945,2025-12-03T02:11:00,True
Edocs/6mm Laminated glass.pdf,Edocs,Edocs/6mm Laminated glass.pdf,6mm Laminated glass.pdf,.pdf,52433,2025-12-03T02:11:00,True
Edocs/COSHH ASH 304i Rev August 2015.pdf,Edocs,Edocs/COSHH ASH 304i Rev August 2015.pdf,COSHH ASH 304i Rev August 2015.pdf,.pdf,175399,2025-12-03T02:11:00,True
Edocs/SOCOTEC UK - ESG 250T - SDS.pdf,Edocs,Edocs/SOCOTEC UK - ESG 250T - SDS.pdf,SOCOTEC UK - ESG 250T - SDS.pdf,.pdf,91324,2025-12-03T02:11:00,True
Edocs/DP-25.pdf,Edocs,Edocs/DP-25.pdf,DP-25.pdf,.pdf,272737,2025-12-03T02:11:00,True
"Stirling_Square/5-7, Carlton Gardens, London, SW1, O&M Instructions for the Mechanical Services, Volume 1, 1.4.4 - Section I.pdf",Stirling_Square,"Stirling_Square/5-7, Carlton Gardens, London, SW1, O&M Instructions for the Mechanical Services, Volume 1, 1.4.4 - Section I.pdf","5-7, Carlton Gardens, London, SW1, O&M Instructions for the Mechanical Services, Volume 1, 1.4.4 - Section I.pdf",.pdf,54368098,2025-12-03T02:15:00,True
"Stirling_Square/5-7, Carlton Gardens, London, SW1, O&M, Volume 5, 5.2.2 - Section 3 Part 2.pdf",Stirling_Square,"Stirling_Square/5-7, Carlton Gardens, London, SW1, O&M, Volume 5, 5.2.2 - Section 3 Part 2.pdf","5-7, Carlton Gardens, London, SW1, O&M, Volume 5, 5.2.2 - Section 3 Part 2.pdf",.pdf,13489383,2025-12-03T02:15:00,True
"Stirling_Square/5-7, Carlton Gardens, London, SW1, Operating & Maintenance Instructions for the Mechanical Services, Volume 1, 1.1 - Sections A-F.pdf",Stirling_Square,"Stirling_Square/5-7, Carlton Gardens, London, SW1, Operating & Maintenance Instructions for the Mechanical Services, Volume 1, 1.1 - Sections A-F.pdf","5-7, Carlton Gardens, London, SW1, Operating & Maintenance Instructions for the Mechanical Services, Volume 1, 1.1 - Sections A-F.pdf",.pdf,6967950,2025-12-03T02:18:00,True
"Stirling_Square/5-7, Carlton Gardens, London, SW1, Operating & Maintenance Instructions for the Electrical Services, Volume 3, 3.1 - Sections A-F.pdf",Stirling_Square,"Stirling_Square/5-7, Carlton Gardens, London, SW1, Operating & Maintenance Instructions for the Electrical Services, Volume 3, 3.1 - Sections A-F.pdf","5-7, Carlton Gardens, London, SW1, Operating & Maintenance Instructions for the Electrical Services, Volume 3, 3.1 - Sections A-F.pdf",.pdf,11763174,2025-12-03T02:16:00,True
"Stirling_Square/5-7, Carlton Gardens, London, SW1, Operating & Maintenance Instructions for the Electrical Services, Volume 3, 3.3.1 - Section H (H1).pdf",Stirling_Square,"Stirling_Square/5-7, Carlton Gardens, London, SW1, Operating & Maintenance Instructions for the Electrical Services, Volume 3, 3.3.1 - Section H (H1).pdf","5-7, Carlton Gardens, London, SW1, Operating & Maintenance Instructions for the Electrical Services, Volume 3, 3.3.1 - Section H (H1).pdf",.pdf,38869930,2025-12-03T02:16:00,True
"Stirling_Square/5-7, Carlton Gardens, London, SW1, Operating & Maintenance Instructions for the Lift Installations, Volume 4, 4.1 - Lift Number 1.pdf",Stirling_Square,"Stirling_Square/5-7, Carlton Gardens, London, SW1, Operating & Maintenance Instructions for the Lift Installations, Volume 4, 4.1 - Lift Number 1.pdf","5-7, Carlton Gardens, London, SW1, Operating & Maintenance Instructions for the Lift Installations, Volume 4, 4.1 - Lift Number 1.pdf",.pdf,70430498,2025-12-03T02:17:00,True
"Stirling_Square/5-7, Carlton Gardens, London, SW1, Operating & Maintenance Instructions for the BMS, Volume 2, 2.2 - Section G.pdf",Stirling_Square,"Stirling_Square/5-7, Carlton Gardens, London, SW1, Operating & Maintenance Instructions for the BMS, Volume 2, 2.2 - Section G.pdf","5-7, Carlton Gardens, London, SW1, Operating & Maintenance Instructions for the BMS, Volume 2, 2.2 - Section G.pdf",.pdf,17642941,2025-12-03T02:15:00,True
"Stirling_Square/5-7, Carlton Gardens, London, SW1, Operating & Maintenance Instructions for the Electrical Services, Volume 3, 3.3.3 - Section H (H2-H7).pdf",Stirling_Square,"Stirling_Square/5-7, Carlton Gardens, London, SW1, Operating & Maintenance Instructions for the Electrical Services, Volume 3, 3.3.3 - Section H (H2-H7).pdf","5-7, Carlton Gardens, London, SW1, Operating & Maintenance Instructions for the Electrical Services, Volume 3, 3.3.3 - Section H (H2-H7).pdf",.pdf,154470563,2025-12-03T02:16:00,True
"Stirling_Square/5-7, Carlton Gardens, London, SW1, O&M Instructions for the Building Fabric, Vol 5, 5.9 - Sec 20-23.pdf",Stirling_Square,"Stirling_Square/5-7, Carlton Gardens, London, SW1, O&M Instructions for the Building Fabric, Vol 5, 5.9 - Sec 20-23.pdf","5-7, Carlton Gardens, London, SW1, O&M Instructions for the Building Fabric, Vol 5, 5.9 - Sec 20-23.pdf",.pdf,27681528,2025-12-03T02:15:00,True
"Stirling_Square/5-7, Carlton Gardens, London, SW1, Operating & Maintenance Instructions for the Electrical Services, Volume 3, 3.2 - Section G.pdf",Stirling_Square,"Stirling_Square/5-7, Carlton Gardens, London, SW1, Operating & Maintenance Instructions for the Electrical Services, Volume 3, 3.2 - Section G.pdf","5-7, Carlton Gardens, London, SW1, Operating & Maintenance Instructions for the Electrical Services, Volume 3, 3.2 - Section G.pdf",.pdf,8841650,2025-12-03T02:16:00,True
"Stirling_Square/5-7, Carlton Gardens, London, SW1, Operating & Maintenance Instructions for the Mechanical Services, Volume 1, 1.3.2 - Section H (H17-H29).pdf",Stirling_Square,"Stirling_Square/5-7, Carlton Gardens, London, SW1, Operating & Maintenance Instructions for the Mechanical Services, Volume 1, 1.3.2 - Section H (H17-H29).pdf","5-7, Carlton Gardens, London, SW1, Operating & Maintenance Instructions for the Mechanical Services, Volume 1, 1.3.2 - Section H (H17-H29).pdf",.pdf,62474387,2025-12-03T02:18:00,True
"Stirling_Square/5-7, Carlton Gardens, London, SW1, Operating & Maintenance Instructions for the BMS, Volume 2, 2.4 - Section I.pdf",Stirling_Square,"Stirling_Square/5-7, Carlton Gardens, London, SW1, Operating & Maintenance Instructions for the BMS, Volume 2, 2.4 - Section I.pdf","5-7, Carlton Gardens, London, SW1, Operating & Maintenance Instructions for the BMS, Volume 2, 2.4 - Section I.pdf",.pdf,8159830,2025-12-03T02:16:00,True
"Stirling_Square/5-7, Carlton Gardens, London, SW1, Operating & Maintenance Instructions for the Lift Installation, Volume 4, 4.6 Lift Number 6.pdf",Stirling_Square,"Stirling_Square/5-7, Carlton Gardens, London, SW1, Operating & Maintenance Instructions for the Lift Installation, Volume 4, 4.6 Lift Number 6.pdf","5-7, Carlton Gardens, London, SW1, Operating & Maintenance Instructions for the Lift Installation, Volume 4, 4.6 Lift Number 6.pdf",.pdf,27033791,2025-12-03T02:17:00,True
"Stirling_Square/5-7, Carlton Gardens, London, SW1, Operating & Maintenance Instructions for the Mechanical Services, Volume 1, 1.3.3 - Section H (H23).pdf",Stirling_Square,"Stirling_Square/5-7, Carlton Gardens, London, SW1, Operating & Maintenance Instructions for the Mechanical Services, Volume 1, 1.3.3 - Section H (H23).pdf","5-7, Carlton Gardens, London, SW1, Operating & Maintenance Instructions for the Mechanical Services, Volume 1, 1.3.3 - Section H (H23).pdf",.pdf,14670058,2025-12-03T02:18:00,True
"Stirling_Square/5-7, Carlton Gardens, London, SW1, Operating & Maintenance Instructions for the Electrical Services, Volume 3, 3.3.4 - Section H (H8).pdf",Stirling_Square,"Stirling_Square/5-7, Carlton Gardens, London, SW1, Operating & Maintenance Instructions for the Electrical Services, Volume 3, 3.3.4 - Section H (H8).pdf","5-7, Carlton Gardens, London, SW1, Operating & Maintenance Instructions for the Electrical Services, Volume 3, 3.3.4 - Section H (H8).pdf",.pdf,18925661,2025-12-03T02:17:00,True
"Stirling_Square/5-7, Carlton Gardens, London, SW1, Operating & Maintenance Instructions for the Lift Installation, Volume 4, 4.3 Lift Number 3.pdf",Stirling_Square,"Stirling_Square/5-7, Carlton Gardens, London, SW1, Operating & Maintenance Instructions for the Lift Installation, Volume 4, 4.3 Lift Number 3.pdf","5-7, Carlton Gardens, London, SW1, Operating & Maintenance Instructions for the Lift Installation, Volume 4, 4.3 Lift Number 3.pdf",.pdf,9454207,2025-12-03T02:17:00,True
"Stirling_Square/5-7, Carlton Gardens, London, SW1, O&M Instructions for the Building Fabric, Vol 5, 5.8 - Sec 15-19.pdf",Stirling_Square,"Stirling_Square/5-7, Carlton Gardens, London, SW1, O&M Instructions for the Building Fabric, Vol 5, 5.8 - Sec 15-19.pdf","5-7, Carlton Gardens, London, SW1, O&M Instructions for the Building Fabric, Vol 5, 5.8 - Sec 15-19.pdf",.pdf,145301858,2025-12-03T02:14:00,True
"Stirling_Square/5-7, Carlton Gardens, London, SW1, Operating & Maintenance Instructions for the BMS, Volume 2, 2.3 - Section H.pdf",Stirling_Square,"Stirling_Square/5-7, Carlton Gardens, London, SW1, Operating & Maintenance Instructions for the BMS, Volume 2, 2.3 - Section H.pdf","5-7, Carlton Gardens, London, SW1, Operating & Maintenance Instructions for the BMS, Volume 2, 2.3 - Section H.pdf",.pdf,191378070,2025-12-03T02:15:00,True
"Stirling_Square/5-7, Carlton Gardens, London, SW1, Operating & Maintenance Instructions for the BMS, Volume 2, 2.1 - Sections A-F.pdf",Stirling_Square,"Stirling_Square/5-7, Carlton Gardens, London, SW1, Operating & Maintenance Instructions for the BMS, Volume 2, 2.1 - Sections A-F.pdf","5-7, Carlton Gardens, London, SW1, Operating & Maintenance Instructions for the BMS, Volume 2, 2.1 - Sections A-F.pdf",.pdf,18866642,2025-12-03T02:15:00,True
"Stirling_Square/5-7, Carlton Gardens, London, SW1, O&MInstructions for the Mechanical Services, Volume 1, 1.5.1 - Section J.pdf",Stirling_Square,"Stirling_Square/5-7, Carlton Gardens, London, SW1, O&MInstructions for the Mechanical Services, Volume 1, 1.5.1 - Section J.pdf","5-7, Carlton Gardens, London, SW1, O&MInstructions for the Mechanical Services, Volume 1, 1.5.1 - Section J.pdf",.pdf,12128612,2025-12-03T02:15:00,True
"Stirling_Square/5-7, Carlton Gardens, London, SW1, Operating & Maintenance Instructions for the Lift Installations, Volume 4, 4.4 Lift Number 4.pdf",Stirling_Square,"Stirling_Square/5-7, Carlton Gardens, London, SW1, Operating & Maintenance Instructions for the Lift Installations, Volume 4, 4.4 Lift Number 4.pdf","5-7, Carlton Gardens, London, SW1, Operating & Maintenance Instructions for the Lift Installations, Volume 4, 4.4 Lift Number 4.pdf",.pdf,22145787,2025-12-03T02:17:00,True
Botanical_Place/WBF-MWL-ZZ-ZZ-RSK-ME1-0001_P01_S2-For Information_MEP Risk Assessment.pdf,Botanical_Place,Botanical_Place/WBF-MWL-ZZ-ZZ-RSK-ME1-0001_P01_S2-For Information_MEP Risk Assessment.pdf,WBF-MWL-ZZ-ZZ-RSK-ME1-0001_P01_S2-For Information_MEP Risk Assessment.pdf,.pdf,184967,2025-12-03T02:11:00,True
Botanical_Place/WBF-MNP-ZZ-ZZ-RA-S-0002_P02_S2-For Information_Design Risk Assessment_A4.pdf,Botanical_Place,Botanical_Place/WBF-MNP-ZZ-ZZ-RA-S-0002_P02_S2-For Information_Design Risk Assessment_A4.pdf,WBF-MNP-ZZ-ZZ-RA-S-0002_P02_S2-For Information_Design Risk Assessment_A4.pdf,.pdf,373745,2025-12-03T02:11:00,True
Botanical_Place/Care - Maintenance Doorsets.pdf,Botanical_Place,Botanical_Place/Care - Maintenance Doorsets.pdf,Care - Maintenance Doorsets.pdf,.pdf,25388,2025-12-03T02:11:00,True
Botanical_Place/UKDS-SFS_17180_01-Revision-A-Extension-Letter-V01-June-2024-exp.20240905.pdf,Botanical_Place,Botanical_Place/UKDS-SFS_17180_01-Revision-A-Extension-Letter-V01-June-2024-exp.20240905.pdf,UKDS-SFS_17180_01-Revision-A-Extension-Letter-V01-June-2024-exp.20240905.pdf,.pdf,130441,2025-12-03T02:11:00,True
Botanical_Place/C2419 - Botanical Place - Letter of Compliance to Clause 2.2.6.pdf,Botanical_Place,Botanical_Place/C2419 - Botanical Place - Letter of Compliance to Clause 2.2.6.pdf,C2419 - Botanical Place - Letter of Compliance to Clause 2.2.6.pdf,.pdf,162417,2025-12-03T02:11:00,True
Botanical_Place/Lignacite-Paint-Grade-Datasheet.pdf,Botanical_Place,Botanical_Place/Lignacite-Paint-Grade-Datasheet.pdf,Lignacite-Paint-Grade-Datasheet.pdf,.pdf,1515565,2025-12-03T02:11:00,True
Botanical_Place/Naylor Concrete Lintels.pdf,Botanical_Place,Botanical_Place/Naylor Concrete Lintels.pdf,Naylor Concrete Lintels.pdf,.pdf,3935275,2025-12-03T02:11:00,True
Botanical_Place/EPD_Lignacite_Ltd_Lignacrete_7.3N_HUB-0149_2024-09-03.pdf,Botanical_Place,Botanical_Place/EPD_Lignacite_Ltd_Lignacrete_7.3N_HUB-0149_2024-09-03.pdf,EPD_Lignacite_Ltd_Lignacrete_7.3N_HUB-0149_2024-09-03.pdf,.pdf,714206,2025-12-03T02:11:00,True
Botanical_Place/Lignacrete-Paint-Grade-Datasheet.pdf,Botanical_Place,Botanical_Place/Lignacrete-Paint-Grade-Datasheet.pdf,Lignacrete-Paint-Grade-Datasheet.pdf,.pdf,1317375,2025-12-03T02:11:00,True
Botanical_Place/SBD Production Acknowledgment - West Byfleet.pdf,Botanical_Place,Botanical_Place/SBD Production Acknowledgment - West Byfleet.pdf,SBD Production Acknowledgment - West Byfleet.pdf,.pdf,1165491,2025-12-03T02:11:00,True
Botanical_Place/SFS_17180_01-Summary-Document-SecureSound-PAS24-FD30 (1).pdf,Botanical_Place,Botanical_Place/SFS_17180_01-Summary-Document-SecureSound-PAS24-FD30 (1).pdf,SFS_17180_01-Summary-Document-SecureSound-PAS24-FD30 (1).pdf,.pdf,1890760,2025-12-03T02:11:00,True
Botanical_Place/UKD-IFCC_1489_Triple_Certification_Issue_6-exp.20240619.pdf,Botanical_Place,Botanical_Place/UKD-IFCC_1489_Triple_Certification_Issue_6-exp.20240619.pdf,UKD-IFCC_1489_Triple_Certification_Issue_6-exp.20240619.pdf,.pdf,125904,2025-12-03T02:11:00,True
Botanical_Place/C30072 Botanical Place - DRAFT O-M.pdf,Botanical_Place,Botanical_Place/C30072 Botanical Place - DRAFT O-M.pdf,C30072 Botanical Place - DRAFT O-M.pdf,.pdf,145433,2025-12-03T02:11:00,True
Botanical_Place/Lignacite-GP-Range-Datasheet.pdf,Botanical_Place,Botanical_Place/Lignacite-GP-Range-Datasheet.pdf,Lignacite-GP-Range-Datasheet.pdf,.pdf,1152676,2025-12-03T02:11:00,True
Botanical_Place/PP-BP-C30072-05012024 Rev.2.0 copy.pdf,Botanical_Place,Botanical_Place/PP-BP-C30072-05012024 Rev.2.0 copy.pdf,PP-BP-C30072-05012024 Rev.2.0 copy.pdf,.pdf,3841161,2025-12-03T02:11:00,True
Botanical_Place/PP-BP-C30072-05012024 Rev.2.0.pdf,Botanical_Place,Botanical_Place/PP-BP-C30072-05012024 Rev.2.0.pdf,PP-BP-C30072-05012024 Rev.2.0.pdf,.pdf,3841161,2025-12-03T02:11:00,True
Botanical_Place/SBD Member Cert Y1  - UK Doorsets Ltd (2023-24).pdf,Botanical_Place,Botanical_Place/SBD Member Cert Y1  - UK Doorsets Ltd (2023-24).pdf,SBD Member Cert Y1  - UK Doorsets Ltd (2023-24).pdf,.pdf,829788,2025-12-03T02:11:00,False
Botanical_Place/WBF-PRP-ZZ-ZZ-RA-A01-9500--C01-For Construction.pdf,Botanical_Place,Botanical_Place/WBF-PRP-ZZ-ZZ-RA-A01-9500--C01-For Construction.pdf,WBF-PRP-ZZ-ZZ-RA-A01-9500--C01-For Construction.pdf,.pdf,97335,2025-12-03T02:11:00,True
Botanical_Place/Lignacite-Fair-Face-Datasheet.pdf,Botanical_Place,Botanical_Place/Lignacite-Fair-Face-Datasheet.pdf,Lignacite-Fair-Face-Datasheet.pdf,.pdf,1479504,2025-12-03T02:11:00,True
The_Whiteley/Flow cooling fans Service Manual FPX 63 to 156 inch copy 2.pdf,The_Whiteley,The_Whiteley/Flow cooling fans Service Manual FPX 63 to 156 inch copy 2.pdf,Flow cooling fans Service Manual FPX 63 to 156 inch copy 2.pdf,.pdf,960315,2025-12-03T02:18:00,True
The_Whiteley/Fire_alarm_panel_systems[1].pdf,The_Whiteley,The_Whiteley/Fire_alarm_panel_systems[1].pdf,Fire_alarm_panel_systems[1].pdf,.pdf,2889602,2025-12-03T02:18:00,True
The_Whiteley/AHU B1 02 Geniox 22 O&M.PDF,The_Whiteley,The_Whiteley/AHU B1 02 Geniox 22 O&M.PDF,AHU B1 02 Geniox 22 O&M.PDF,.pdf,7724695,2025-12-03T02:18:00,True
The_Whiteley/Chiller-User Manual (1) copy.pdf,The_Whiteley,The_Whiteley/Chiller-User Manual (1) copy.pdf,Chiller-User Manual (1) copy.pdf,.pdf,3616967,2025-12-03T02:18:00,True
The_Whiteley/Installation_Manual_-_Climaveneta_Units[1].pdf,The_Whiteley,The_Whiteley/Installation_Manual_-_Climaveneta_Units[1].pdf,Installation_Manual_-_Climaveneta_Units[1].pdf,.pdf,1382842,2025-12-03T02:18:00,True
The_Whiteley/Electric_Actuators_Type_EA15_Manual[1].pdf,The_Whiteley,The_Whiteley/Electric_Actuators_Type_EA15_Manual[1].pdf,Electric_Actuators_Type_EA15_Manual[1].pdf,.pdf,2840817,2025-12-03T02:18:00,True
The_Whiteley/AHU B1 02 Geniox 22 O&M copy.PDF,The_Whiteley,The_Whiteley/AHU B1 02 Geniox 22 O&M copy.PDF,AHU B1 02 Geniox 22 O&M copy.PDF,.pdf,7724695,2025-12-03T02:18:00,True
The_Whiteley/Armstrong 3750 Pulpress Pressurisation Unit O&M (1).pdf,The_Whiteley,The_Whiteley/Armstrong 3750 Pulpress Pressurisation Unit O&M (1).pdf,Armstrong 3750 Pulpress Pressurisation Unit O&M (1).pdf,.pdf,3794491,2025-12-03T02:18:00,True
The_Whiteley/Diaphragm_Valve_Hybrid_dry_cooler_Manual[1].pdf,The_Whiteley,The_Whiteley/Diaphragm_Valve_Hybrid_dry_cooler_Manual[1].pdf,Diaphragm_Valve_Hybrid_dry_cooler_Manual[1].pdf,.pdf,406034,2025-12-03T02:18:00,True
The_Whiteley/Flow cooling fans Service Manual FPX 63 to 156 inch.pdf,The_Whiteley,The_Whiteley/Flow cooling fans Service Manual FPX 63 to 156 inch.pdf,Flow cooling fans Service Manual FPX 63 to 156 inch.pdf,.pdf,960315,2025-12-03T02:18:00,True
The_Whiteley/Flow cooling fans Service Manual FPX 63 to 156 inch copy.pdf,The_Whiteley,The_Whiteley/Flow cooling fans Service Manual FPX 63 to 156 inch copy.pdf,Flow cooling fans Service Manual FPX 63 to 156 inch copy.pdf,.pdf,960315,2025-12-03T02:18:00,True
The_Whiteley/Fire_alarm_accessories[1].pdf,The_Whiteley,The_Whiteley/Fire_alarm_accessories[1].pdf,Fire_alarm_accessories[1].pdf,.pdf,4290275,2025-12-03T02:18:00,True
The_Whiteley/Main Chiller Compressor 1 to 6 O&M.pdf,The_Whiteley,The_Whiteley/Main Chiller Compressor 1 to 6 O&M.pdf,Main Chiller Compressor 1 to 6 O&M.pdf,.pdf,2832815,2025-12-03T02:18:00,True
The_Whiteley/Chiller O&M.pdf,The_Whiteley,The_Whiteley/Chiller O&M.pdf,Chiller O&M.pdf,.pdf,1382842,2025-12-03T02:18:00,True
The_Whiteley/Flow cooling fans Service Manual FPX 63 to 156 inch (1).pdf,The_Whiteley,The_Whiteley/Flow cooling fans Service Manual FPX 63 to 156 inch (1).pdf,Flow cooling fans Service Manual FPX 63 to 156 inch (1).pdf,.pdf,960315,2025-12-03T02:18:00,True
The_Whiteley/Chiller-User Manual (1).pdf,The_Whiteley,The_Whiteley/Chiller-User Manual (1).pdf,Chiller-User Manual (1).pdf,.pdf,3616967,2025-12-03T02:18:00,True
The_Whiteley/DosaFil-Duo_O&M_(2)[1].pdf,The_Whiteley,The_Whiteley/DosaFil-Duo_O&M_(2)[1].pdf,DosaFil-Duo_O&M_(2)[1].pdf,.pdf,1784876,2025-12-03T02:18:00,True
The_Whiteley/Main Chiller Compressor 1 to 6 O&M copy 2.pdf,The_Whiteley,The_Whiteley/Main Chiller Compressor 1 to 6 O&M copy 2.pdf,Main Chiller Compressor 1 to 6 O&M copy 2.pdf,.pdf,2832815,2025-12-03T02:18:00,True
The_Whiteley/Gas supply O&M.pdf,The_Whiteley,The_Whiteley/Gas supply O&M.pdf,Gas supply O&M.pdf,.pdf,86926,2025-12-03T02:18:00,True
The_Whiteley/Main Chiller Compressor 1 to 6 O&M copy 3.pdf,The_Whiteley,The_Whiteley/Main Chiller Compressor 1 to 6 O&M copy 3.pdf,Main Chiller Compressor 1 to 6 O&M copy 3.pdf,.pdf,2832815,2025-12-03T02:18:00,True
The_Whiteley/Main Chiller Compressor 1 to 6 O&M copy.pdf,The_Whiteley,The_Whiteley/Main Chiller Compressor 1 to 6 O&M copy.pdf,Main Chiller Compressor 1 to 6 O&M copy.pdf,.pdf,2832815,2025-12-03T02:18:00,True
The_Whiteley/Door_Types[1].pdf,The_Whiteley,The_Whiteley/Door_Types[1].pdf,Door_Types[1].pdf,.pdf,1239962,2025-12-03T02:18:00,True
